{
  "model_type": "mlp",
  "threshold": 0.4100000000000001,
  "feature_names": [
    "ear_mean",
    "ear_std",
    "ear_min",
    "ear_vel_mean",
    "ear_vel_std",
    "mar_mean",
    "pitch_mean",
    "pitch_std",
    "yaw_std",
    "roll_std",
    "blink_count",
    "blink_rate_per_min",
    "blink_mean_dur_ms",
    "perclos_p80_mean",
    "perclos_p80_max",
    "blink_closing_vel_mean",
    "blink_opening_vel_mean",
    "long_blink_pct",
    "blink_regularity"
  ],
  "n_features": 19,
  "best_fold": 0,
  "balanced_accuracy": 0.714849099804112,
  "safe_recall": 0.7945693074341503,
  "c28_pass": true,
  "training_stats": {
    "ear_mean": {
      "mean": -7.510478461369985e-09,
      "std": 0.9999999403953552,
      "min": -14.93563461303711,
      "max": 4.433765411376953
    },
    "ear_std": {
      "mean": 8.762224723568579e-09,
      "std": 0.9999998807907104,
      "min": -1.7060132026672363,
      "max": 12.969259262084961
    },
    "ear_min": {
      "mean": -1.8776196597514172e-08,
      "std": 1.0,
      "min": -8.044536590576172,
      "max": 1.9446690082550049
    },
    "ear_vel_mean": {
      "mean": -2.5034929684863982e-09,
      "std": 1.0,
      "min": -27.520130157470703,
      "max": 24.191564559936523
    },
    "ear_vel_std": {
      "mean": 2.5034929684863982e-09,
      "std": 1.0,
      "min": -1.1172009706497192,
      "max": 13.22557544708252
    },
    "mar_mean": {
      "mean": -3.442302665135344e-09,
      "std": 0.9999999403953552,
      "min": -1.3489103317260742,
      "max": 23.46780776977539
    },
    "pitch_mean": {
      "mean": -5.0069859369727965e-09,
      "std": 1.0,
      "min": -8.56948471069336,
      "max": 8.210954666137695
    },
    "pitch_std": {
      "mean": -1.0013971873945593e-08,
      "std": 1.0,
      "min": -0.6941699385643005,
      "max": 25.28948974609375
    },
    "yaw_std": {
      "mean": 6.258732199171391e-09,
      "std": 0.9999999403953552,
      "min": -0.5915914177894592,
      "max": 16.317899703979492
    },
    "roll_std": {
      "mean": -1.2517464842431991e-09,
      "std": 1.0,
      "min": -0.5732432007789612,
      "max": 22.278913497924805
    },
    "blink_count": {
      "mean": 4.277645587921143,
      "std": 3.1693978309631348,
      "min": 0.0,
      "max": 26.0
    },
    "blink_rate_per_min": {
      "mean": 17.11058235168457,
      "std": 12.677591323852539,
      "min": 0.0,
      "max": 104.0
    },
    "blink_mean_dur_ms": {
      "mean": 360.50396728515625,
      "std": 546.2880859375,
      "min": 0.0,
      "max": 19300.0
    },
    "perclos_p80_mean": {
      "mean": 0.14098331332206726,
      "std": 0.16371162235736847,
      "min": 0.0,
      "max": 1.0
    },
    "perclos_p80_max": {
      "mean": 0.16981343924999237,
      "std": 0.1836831122636795,
      "min": 0.0,
      "max": 1.0
    },
    "blink_closing_vel_mean": {
      "mean": -3.1293660995856953e-09,
      "std": 1.0,
      "min": -1.3237626552581787,
      "max": 5.0192084312438965
    },
    "blink_opening_vel_mean": {
      "mean": -3.630064782100817e-08,
      "std": 0.9999999403953552,
      "min": -1.4227648973464966,
      "max": 8.48682689666748
    },
    "long_blink_pct": {
      "mean": 0.3230767250061035,
      "std": 0.35909560322761536,
      "min": 0.0,
      "max": 1.0
    },
    "blink_regularity": {
      "mean": 0.3531559705734253,
      "std": 0.3261799216270447,
      "min": 0.0,
      "max": 2.2265777587890625
    }
  },
  "scaler_mean": [
    -0.6413505523190275,
    1.1915174855605772,
    -6.258193312835066,
    -0.0008624456199641355,
    1.2395755966743198,
    1.4539781966538055,
    1.1631139034021594,
    1.2251013906066455,
    1.2744651953166124,
    1.511468932133921,
    1.7079977121922685,
    0.5110568208631985
  ],
  "scaler_scale": [
    1.1197324880756785,
    0.6838114246443154,
    4.058783899365418,
    0.0221058738346495,
    1.097834901716419,
    9.639942542528189,
    4.961326355615785,
    1.75133780661166,
    2.1413953324991666,
    2.6125455550207297,
    1.2902597142803893,
    0.3591997779040791
  ],
  "scaler_indices": [
    0,
    1,
    2,
    3,
    4,
    5,
    6,
    7,
    8,
    9,
    15,
    16
  ],
  "scaler_feature_names": [
    "ear_mean",
    "ear_std",
    "ear_min",
    "ear_vel_mean",
    "ear_vel_std",
    "mar_mean",
    "pitch_mean",
    "pitch_std",
    "yaw_std",
    "roll_std",
    "blink_closing_vel_mean",
    "blink_opening_vel_mean"
  ]
}